mu_max1,mu_max2,Ks1,Ks2,Yx1,Yx2,K_I,lag,S1_init,S2_init,X0,ratio,trajectory_id
0.4128028608767108,0.22141468408850187,0.1923254122376046,0.12333175200270705,0.287159062577368,0.30158737360888604,0.49747982637435667,50.0,14.483192096930324,16.707059955394406,0.21096628002016615,1:1,1:1_0000
0.16725197009321116,0.06334814416737014,12.88001807737394,15.600961749879303,0.024535804694042648,0.017043867444056095,0.6614360236199578,50.0,15.443950188146513,15.538516469673052,0.15295272414639255,1:1,1:1_0001
0.2970779054083149,0.12889453009546378,0.7349038035996162,0.7409913450208043,0.3272077744182717,0.3760344779507725,0.5822641881244699,50.0,15.393908766230947,13.029257825172063,0.11950552665020346,1:1,1:1_0002
0.16333675290428248,0.04820419670599702,0.1657207780152193,0.30019847427642254,0.5506911616304536,0.5806389021291266,0.47496081048371525,50.0,14.905029234346902,16.9788069957401,0.21864936924475603,1:1,1:1_0003
0.47831688497735364,0.22997870076847238,6.050204212164283,6.39433350911503,0.48984510563772166,0.5097558844048019,0.7382414160723894,14.640079795408523,13.482621349774746,16.584488329694523,0.07509891141245233,1:1,1:1_0004
0.21592990303965376,0.03431016043777678,0.08184228961045234,0.06520496101600598,0.6328559610693631,0.4257071835791661,0.3468432258982517,4.06260798238904,14.100610102406854,13.554617984933678,0.1208801916498073,1:1,1:1_0005
0.1135095183413144,0.017052924831373377,0.08525615983661093,0.14169026607336488,0.022892449174008452,0.02463660478138581,0.48523309965381806,5.848304663434299,16.443203894482146,16.29249843980038,0.1847354415660467,1:1,1:1_0006
0.04126473602755317,0.015356771964300006,2.107510723654407,2.257351662988298,0.3197680368851985,0.18854701076762276,0.5855805554207728,21.338229859192626,13.413133916428198,16.46457842532408,0.197332791531869,1:1,1:1_0007
0.19917872635173364,0.07779330248957504,0.6902808941335458,1.3378066794274723,0.8074516058387272,0.574288171259466,0.48362822726579985,5.831295422120345,16.743496408044322,16.349902975151107,0.07937609556315038,1:1,1:1_0008
0.024679949181970837,0.008457237089988297,0.12554581422066438,0.22401685827182233,0.6106786554802255,0.5885542050724998,0.6444440859874172,6.8478959897659735,14.483649286166678,14.700327070056524,0.2530307402967648,1:1,1:1_0009
0.20238901270214074,0.11820196319954777,5.547398243806326,6.351413597194674,0.1306533464916169,0.1362784643807696,0.5512263028305204,23.906840869654168,16.340503164322936,13.85229973759601,0.051076443916919664,1:1,1:1_0010
0.11093575113978407,0.058054668103035216,0.1190565825733155,0.09884516050736891,0.481916374593429,0.4081463290584659,0.4040744913668787,10.323275086936116,16.460400927642592,13.123571348144129,0.149109058841203,1:1,1:1_0011
0.006523272824724395,0.0012579113506473569,10.436791836591404,11.980586341167065,0.03147838144598798,0.016447591597293063,0.4509041854617464,3.822313114542695,16.764305139058788,13.669459998576716,0.20665980442437037,1:1,1:1_0012
0.09969411653124861,0.057367728954218135,10.96155290859365,13.768761225976421,0.8808159993226571,1.0138842753510002,0.5022020209834567,3.0520163753588765,14.035342548949599,15.018180958815748,0.2648826979523313,1:1,1:1_0013
0.10579544739439595,0.03262398070727893,4.458941174088347,4.99451515097045,0.3507425316900375,0.413469362949182,0.4432941062402785,50.0,16.352546219321216,13.56841570340657,0.18161502265875346,1:1,1:1_0014
0.1459413413980175,0.035012454292849916,10.593203680941576,20.742607908245432,0.6823171659579202,0.48808872041872414,0.5738445367907055,7.047892623554778,15.913927467607726,13.172700900227538,0.05121433444431976,1:1,1:1_0015
0.18372556569329535,0.07687083083222628,11.995316782695905,19.54768710783772,0.3135778274802435,0.2110651460437221,0.5225121695517536,50.0,14.31914151820601,16.727777476919986,0.2204739762667684,1:1,1:1_0016
0.01696939116712053,0.00365901708526129,3.4033758634313847,4.502397703470165,0.11854679561795217,0.10601893256996497,0.5992921384145775,50.0,16.648821361634706,13.603972525740271,0.27835841495326596,1:1,1:1_0017
0.12039150650255098,0.044985686653955206,9.709083471453718,8.135687737927952,0.378003125535148,0.21037754681376472,0.490502021043356,8.94736389127668,16.47873718282786,15.79371421831536,0.2185382668234912,1:1,1:1_0018
0.23068591008176564,0.06758521619371827,0.7698128060391245,0.8639439827171457,0.5639306571762301,0.5018157281733682,0.37167103206371366,50.0,15.485833626007777,14.830940746600309,0.055065282051034795,1:1,1:1_0019
0.2907907753084135,0.1365263921717753,16.386811626165798,29.703551563918047,1.042543223581494,0.5938917844860249,0.7363880432818084,50.0,13.96517380675812,13.242828738407647,0.1872218972516418,1:1,1:1_0020
0.1450370759148163,0.02485399915023794,5.16798617861513,5.609405649091627,0.044553028320424404,0.052004194492785684,0.29626049077118155,50.0,16.043355361284828,15.563782688500893,0.2190047400223446,1:1,1:1_0021
0.06601072593036052,0.011760273040229027,0.8420479910451655,0.5414622710603528,0.06065685174720048,0.0638992130858473,0.795829392791572,0.9432262910294825,15.991606408592702,14.419207676550396,0.053248337167949064,1:1,1:1_0022
0.06357095750985092,0.02195207048563067,0.16516305042270854,0.2811113761612922,0.32885152607785906,0.25800097208290845,0.6724065261436727,34.53030419102738,13.89214451199318,16.776582586641865,0.11874271845927913,1:1,1:1_0023
0.021812717385458768,0.005705241882668177,2.0669324466092744,2.775707115407924,0.13430591590604893,0.06781908143994399,0.16111791836335831,37.262833677668446,13.751434192770724,13.161727725572014,0.14109039411890284,1:1,1:1_0024
0.352184368300016,0.18784960078967347,9.556362635520266,12.708031416433114,0.22356760304458032,0.1575542141343775,0.5825650266402178,0.6072714842836043,16.703368715509804,15.490765377424175,0.17857983327867083,1:1,1:1_0025
0.17509091292711673,0.045210767293681134,13.916268379224082,11.36724625850002,0.3338314244216379,0.3014748548541911,0.8048505537065507,50.0,14.185018941517221,14.38340211104316,0.24766839791115242,1:1,1:1_0026
0.1823256549102373,0.0895418589260518,0.05438864754686252,0.03412681662063742,0.2896647816874151,0.19069565961295074,0.47515242864739676,50.0,16.840904018091873,13.511529537409265,0.13725105638886265,1:1,1:1_0027
0.06069720657179498,0.02339425618904009,0.16833373205200872,0.24073766581270964,0.4643186617970105,0.27554855615223117,0.5605064363790088,37.80917300432881,16.24116536484542,15.819493871888476,0.18258625440271298,1:1,1:1_0028
0.06972548975899476,0.015851477481868333,0.14342486857824546,0.2584849221398743,0.43443717975833473,0.45533751144448076,0.7130041876680656,32.23361878647454,15.035172555093926,15.872023428351117,0.1158355896839066,1:1,1:1_0029
0.0760171863668289,0.017065035506162646,8.589899448555325,17.07537130134764,0.45765801528353584,0.31808677870040586,0.47941599472456164,50.0,14.982615898304756,15.618279865115927,0.18407994430565716,1:1,1:1_0030
0.16458622682316895,0.030267209296687993,0.12691563478323054,0.21396735215770346,0.6218817354606427,0.6034808802786745,0.5323548070828928,50.0,16.650947604724504,15.57503352879785,0.27088785156283585,1:1,1:1_0031
0.11402844479703066,0.06726283593706042,7.6733322679780605,7.776711308868328,0.4048867104151982,0.2866019393325002,0.7318844719667972,1.072021453792624,13.669429077244196,14.385626983897634,0.24839443734790156,1:1,1:1_0032
0.09636914752660074,0.05524601815038879,0.15793163384879433,0.08273634854023829,0.4507190378017149,0.3959117363630217,0.42652216871162746,50.0,14.098592570470112,15.659614716165908,0.2260080682798032,1:1,1:1_0033
0.10355101967820701,0.048927796397578924,4.388048306614912,7.18136919737662,0.4428783703211248,0.29922489843436195,0.4940356652857739,9.208900733429617,14.455187928658546,15.897440379371204,0.20791709639498396,1:1,1:1_0034
0.2373465438535953,0.05881431002833004,13.907448128698045,7.031442529862857,0.17643779825465472,0.1444427872941172,0.3843255856850082,17.660280759559168,16.758100159918712,13.502613227349988,0.1537768566671237,1:1,1:1_0035
0.054693720986530386,0.01627392056705083,0.04954582730116961,0.09291997261925192,0.8020920292904169,0.8924631498546634,0.3043975614158118,50.0,14.527501648675294,16.025875763022174,0.19433475076903733,1:1,1:1_0036
0.10854939244347034,0.058312010921227314,5.298647930897616,10.313744706979625,0.3587605253105718,0.24339413016053066,0.40639378401811843,35.7958112746257,13.45086426531144,15.504195508981638,0.2687247676391237,1:1,1:1_0037
0.11032675428856645,0.05175093021102153,0.16458091294083776,0.25778827220344297,0.3395120888493191,0.31879783931957933,0.7125416623685971,43.47861595724096,16.342533036213297,15.422366574379096,0.06718457549460287,1:1,1:1_0038
0.09437802337288048,0.04815189549904592,0.11217046528119284,0.16553781912392043,0.14022166348183304,0.09943208845606673,0.5480437526010837,33.02366352643473,15.723290369972831,16.58268833883697,0.0889753223134931,1:1,1:1_0039
0.11913476486055803,0.0432474035797297,6.240585762055541,6.649286269603489,0.5645022859453757,0.506462758886665,0.5646078884704977,36.750719281150275,16.765375908188645,13.877893716912364,0.07502635719180263,1:1,1:1_0040
0.06913139341211953,0.02454740530148994,0.1600704124536324,0.09097937727552124,0.264934292881403,0.23373472242390936,0.5512536328937246,21.244846121777748,14.235451019661044,13.057739211116088,0.08889888927106131,1:1,1:1_0041
0.062215863868718246,0.01741798311647576,10.137431375169795,19.036861115836665,0.8161465133839579,0.5126153027520409,0.3961870765057446,3.7070526738968574,15.503373149507945,14.430926701662939,0.06716949638729251,1:1,1:1_0042
0.22728056545707684,0.10165248452188289,4.009055646107578,6.382622501990191,0.5017126633110567,0.46960920375598575,0.29828828805253804,12.391345138410399,13.544289247333765,13.77935401804609,0.17149237594195132,1:1,1:1_0043
0.02252863763589967,0.005451704166562952,1.2112654023878926,1.918393948274431,0.4603814940925168,0.5036715561109005,0.8140668276234075,2.0069597490375,13.6270960325914,16.383796005811515,0.28800792463830616,1:1,1:1_0044
0.49864198605354526,0.22502021671135242,0.09033932114085597,0.05603032736698566,0.41612802534722565,0.32312233687369707,0.6697080142937465,6.160066750409694,14.64461255159842,14.766491145447322,0.07727249091937168,1:1,1:1_0045
0.1297302612978366,0.04897903100509233,8.106166829540117,14.90285813839779,1.1062921567250645,0.9542812430198289,0.4913668006301122,50.0,13.14211967211609,15.238037509891843,0.23040538375749164,1:1,1:1_0046
0.16728948038809854,0.07349022623133455,0.09068702664568729,0.11007093322940852,0.3229693631424563,0.24027434151855204,0.5334348744505757,50.0,16.908447681844333,15.065557694112698,0.1462930072290054,1:1,1:1_0047
0.1612529322178664,0.03207686347684217,0.2035736117230039,0.30093633711295387,0.2901930422916167,0.3354973743574409,0.3280548641406997,15.637104142285702,14.057308897100128,15.434454954969912,0.2070482314820591,1:1,1:1_0048
0.05672097320958486,0.02884835971781527,19.865374170285605,31.832566556198106,0.345638323938695,0.35235574508122297,0.11634803932489907,15.843828266550506,15.394653889830735,15.114297719848707,0.2725406393992688,1:1,1:1_0049
0.18210101482308372,0.10581233037331796,0.1432323033472005,0.21752260926558376,0.7025628994468635,0.7921158063552276,0.4863552657813007,50.0,13.919549938185588,15.607420188648154,0.14978890749413815,1:1,1:1_0050
0.13086216612608506,0.027616083718973193,12.255081965298533,8.05915499693132,1.1670910399892591,0.7402879551471824,0.7641321710048455,7.298766038623752,13.888256344102055,13.787079293996857,0.1434632262008726,1:1,1:1_0051
0.10635947649314836,0.05911237817240439,0.13535224802973736,0.16680511044638252,0.5304725469106626,0.46828620921941827,0.5506515528057042,50.0,13.217761709577632,14.256307669318286,0.18420710030053689,1:1,1:1_0052
0.08190871639773327,0.030315826792449575,0.15587476516157117,0.1513933528598377,0.2699945769623537,0.31564349000798786,0.5690337009809433,12.509498295871952,16.228004409582212,13.454032485234215,0.21328116688848525,1:1,1:1_0053
0.10490325754651735,0.02969750265147993,9.899429829438324,5.493712468253786,0.8639186751401351,1.022593976107876,0.4757561353962744,10.577868563679502,13.302637850500268,14.43711338398496,0.052178674331683425,1:1,1:1_0054
0.31386160951854025,0.11777832105899436,4.429719447918274,4.955282778375997,0.3680965113690516,0.24671836420627563,0.4974068835663518,8.53636383823418,14.084546871570993,13.7804802218149,0.2510428336007434,1:1,1:1_0055
0.0783097737183039,0.018357064187623413,0.18094513007425284,0.3154449633966618,0.366156321655221,0.43548105358016276,0.525594417557689,50.0,16.49349501024264,16.601922986023684,0.29509552538994355,1:1,1:1_0056
0.21203384655802193,0.11045194078207118,11.346085496724807,12.810922136478005,0.24754709099578204,0.2571654159444859,0.2832057577653305,50.0,14.037168037424586,14.133517061680259,0.13450370803945805,1:1,1:1_0057
0.111229546821103,0.020343920597330156,11.136700337647074,6.442061899709214,0.35196791258503995,0.35596959659773514,0.689522501627347,26.216420811311888,13.801976609744624,16.067392771631823,0.11237504925831875,1:1,1:1_0058
0.052970234553177516,0.01949715800250238,6.833033418899471,9.091249243532184,0.5104905039122017,0.5257358914350366,0.32988970408650087,50.0,14.687733421411755,15.195011510901084,0.10149040943203673,1:1,1:1_0059
0.3213888769875522,0.16298012575922224,2.0089220083147614,1.8491440327562922,0.35611187537824385,0.22149289376299924,0.5610241782243763,50.0,16.09459909831792,16.35270405904831,0.2854908721471349,1:1,1:1_0060
0.12953924464999786,0.03946438822245421,2.169576571108569,2.4517183075051983,0.3021636970275048,0.15858188653249852,0.2827748718046015,50.0,13.525021194917082,16.1479204654577,0.22891857732845922,1:1,1:1_0061
0.24202546649241635,0.07041910741697668,11.097733263707447,18.740842023579546,0.9008522952076917,0.6926950641666484,0.45073373316432336,3.840535834453121,15.951218151257368,16.518948410630458,0.2689613301648205,1:1,1:1_0062
0.0352278490744636,0.014962389578005804,1.0648384073029131,0.7581921001487083,0.31932895607319545,0.37391814120127115,0.40064783169801554,50.0,14.749046302952426,16.734435851966325,0.08458133471793973,1:1,1:1_0063
0.12541381512979022,0.039402052254655935,14.450970874986613,13.892949114910968,0.5215485775861857,0.40997742239167884,0.27430921570041006,4.630978238985819,13.356781674989776,15.324459257895734,0.2799100181565724,1:1,1:1_0064
0.17063722725357702,0.09581139876442178,10.221478000372562,6.759616226157243,0.21814077214533042,0.15875372283005157,0.694745369890967,50.0,15.313233807674694,14.964918204946763,0.1493176545722667,1:1,1:1_0065
0.02583148615927539,0.014016634688897647,4.123000977527133,6.742273057995628,0.6363419285271416,0.5858248060550424,0.5642744718489858,50.0,13.185614243316646,14.254038425538695,0.28146576632180387,1:1,1:1_0066
0.05770394640941043,0.021411534226272132,13.358620105545825,16.26394068913982,0.4683170684498861,0.502237552745883,0.8536699585062079,50.0,15.517998368808204,16.37939929535008,0.18821252815260003,1:1,1:1_0067
0.06543733476901872,0.012079300773078522,0.06545125881784233,0.12863977347258157,0.3206096689166456,0.3031588142245562,0.49342360534625584,50.0,15.317386377538439,15.502153398339807,0.19260132916127776,1:1,1:1_0068
0.3174393714782084,0.09995618597185309,6.811417418095767,10.505848772719933,0.6357613516035755,0.34091365516307703,0.39141910177591044,8.70402643997705,15.381307022777492,15.89788733229211,0.09198708298106924,1:1,1:1_0069
0.23754626051390543,0.05536327098564438,0.1389236130856065,0.1132371539037594,0.25795480530146353,0.19936649871593815,0.5081769779464484,50.0,14.01633831369822,15.792765838477099,0.1400978112830491,1:1,1:1_0070
0.13691673927795103,0.04121080617779766,41.47431856085847,48.76172874195787,0.21172858460053395,0.10816038292573879,0.47993782673619845,50.0,15.48150539738727,13.718612907259713,0.18329850097604028,1:1,1:1_0071
0.1312897431198146,0.05394932662095945,0.14371778589250647,0.1242670877357904,0.315638424383964,0.18407136595567242,0.38265109538385744,50.0,13.001798104297022,16.6838127499029,0.07477464769002597,1:1,1:1_0072
0.07319024889160722,0.031100892462947165,8.08501558282072,14.58289682060887,0.42359073077673776,0.24827098291631722,0.612354498667486,36.43030264166144,13.106279573456895,14.95412465225385,0.1931113180369331,1:1,1:1_0073
0.09216957232999728,0.014565470531648044,8.989968385480827,6.807744422194309,0.8514406134367101,0.5831026437276545,0.6605110415555688,50.0,13.445802405908921,16.138963391637795,0.156464713603562,1:1,1:1_0074
0.20209482229790454,0.06165757201718963,0.11477606907483898,0.0844300848321663,0.1559166098282226,0.16260210065535374,0.5262808784606708,1.175212122776598,16.701323435195985,14.89374821563114,0.0900686025278306,1:1,1:1_0075
0.07923494006870654,0.01849180361190832,8.806921245104363,7.238735516687605,0.5475443929321124,0.38650194252228376,0.32273276335213785,50.0,16.202891885844522,16.184646436157806,0.05834405638873387,1:1,1:1_0076
0.1024235475136233,0.02608570502784083,9.984910525780505,10.015583249752519,0.018432063375460273,0.020273461563030035,0.5291487581263279,5.26481036807311,16.57997498416666,13.919111291772325,0.18025145180715518,1:1,1:1_0077
0.16960691125428567,0.08001741573312868,8.238146520393848,6.353396936344228,0.18439452345709395,0.13733332104874127,0.46617519733372503,50.0,16.636196562240258,16.211297485215873,0.0602489424505077,1:1,1:1_0078
0.08598521808693113,0.04646541320984531,0.1419731413213943,0.24130908729481376,0.5437268106954237,0.40956170121688745,0.4889190848688356,22.12418714066731,13.427199291693864,14.70026347949183,0.21299530376488074,1:1,1:1_0079
0.10149235752363493,0.03912600131241681,11.902466496792059,12.583854532750571,0.036360535283375454,0.030420458378162558,0.7379124487581801,10.986338122695917,14.173363310381875,15.870335215547787,0.21852604657231345,1:1,1:1_0080
0.17160566902440338,0.09960486687583663,5.912435186602442,6.636989905124129,1.0040044701261361,0.6738406349236186,0.8631407773488255,50.0,13.870301526965733,15.45122269864571,0.09530146870959698,1:1,1:1_0081
0.11529136394550689,0.04551027503974736,0.18100110698682473,0.14193569051836147,0.21036862826774197,0.1723302368343567,0.6698940985539515,50.0,15.37263680226167,16.330074096304983,0.29833367387763543,1:1,1:1_0082
0.19829888513068014,0.09871140679392114,0.1463006067581304,0.23032228555086076,0.11929217278554849,0.07433851371526054,0.38086934276004736,11.598084404595392,14.957641044951222,14.36146273195018,0.09163871232204397,1:1,1:1_0083
0.16326108996253133,0.06988060012440685,1.1982333066394486,1.3271749935211845,0.5259809408310846,0.576438255772314,0.6263174219247902,33.669800641833454,16.94168473812848,16.265559661885668,0.2487019515103258,1:1,1:1_0084
0.36776881552089025,0.1085841407531056,1.5647943116902074,2.322755658616426,0.29635867858498444,0.2471032225349859,0.25620962725833385,37.025226234764865,13.778779963583359,15.502161407299145,0.2425082206975404,1:1,1:1_0085
0.43787922359064496,0.16808914600082617,8.308455659742293,13.510397360819582,0.5199105000975425,0.3998629759429243,0.5307720063362628,50.0,13.607042536189677,14.552546740459853,0.06415472096881618,1:1,1:1_0086
0.07625943798773743,0.02956669769138406,6.3213427685706565,3.970615659534349,0.43337197149848444,0.22416808576721178,0.550459439844331,50.0,15.81598845381874,13.016850887656584,0.12801084358871817,1:1,1:1_0087
0.08390208700645009,0.04644789356577803,0.09523479676458368,0.07809488754810132,0.8449226018326379,0.9544222857716669,0.31215676416547855,50.0,13.048650526856076,13.727791440346486,0.09744071171363321,1:1,1:1_0088
0.11474320884593414,0.04162107155140343,2.087360040034531,3.0663629285991845,0.4411554845380559,0.4010420894563897,0.4673574350285824,4.660495827629551,14.74996037656943,16.522329897497137,0.10385779827157883,1:1,1:1_0089
0.061356889160390005,0.033259506943744764,0.13062660759651293,0.13700336433948795,0.6426431015597566,0.7517743485666507,0.5276978311446291,7.716572192200891,14.570655341126537,15.951312715479148,0.2779982928276393,1:1,1:1_0090
0.06910336071474714,0.022248560269951072,0.08590790818650244,0.07339149829344264,0.32243109422819616,0.21850570632924723,0.526786564167232,50.0,15.625959353403475,15.052891179363154,0.08811251701881491,1:1,1:1_0091
0.05418234329435949,0.012815194545811532,0.12603362168200463,0.07530570318266695,0.05457524543280895,0.059320624942213705,0.7111923323896068,9.621031560288845,15.972163784651949,13.53883053130933,0.14342875293645274,1:1,1:1_0092
0.5220190010543537,0.15418994988143503,1.3995208165162765,1.43034281569764,0.4263365480529949,0.39455881456686126,0.612176779235654,8.091645184323172,14.900692803386821,14.067898334421212,0.17897614545494595,1:1,1:1_0093
0.11923627995882563,0.03298965784023925,11.078990863534493,5.9669553237510575,0.9323481490108347,0.8261659541406445,0.3603835182453853,50.0,15.36538876896611,16.844828186129067,0.13750148856466465,1:1,1:1_0094
0.3479118054471272,0.10088262520858621,0.14834112436603383,0.2960832696222105,0.29459799978079293,0.2819665150554051,0.44692762287804993,50.0,15.271316825367933,16.998765377205032,0.2418324773188425,1:1,1:1_0095
0.01961679746298638,0.0035165669502175167,0.16559870589482015,0.11712726619395158,0.47507426991695867,0.30800435267188847,0.25433749502276937,13.704255843069195,13.30030478208251,14.955034677911279,0.09356497942887924,1:1,1:1_0096
0.061865596769303234,0.019548239713903355,10.43350326067168,13.202541065538362,0.7136907553068621,0.5267803182270967,0.3855834996575321,50.0,15.295847052678717,15.43954133575639,0.25890196132595505,1:1,1:1_0097
0.40789563226454983,0.19275106097551317,0.0760672748223949,0.13990993592882434,0.26738587721907137,0.2936125469821289,0.622393573902299,28.293637204277744,16.006723468618212,13.86005687666088,0.05168055441725543,1:1,1:1_0098
0.09706932157381926,0.03830782864813588,7.970924508754532,11.516389835395781,0.37899220278894447,0.42172309920072815,0.3031946184153517,11.890355940997852,13.674144448502146,15.306622855084402,0.20518488053279554,1:1,1:1_0099
0.10312858636289636,0.05263204247772988,0.10342453007063146,0.09751573732776274,0.3049101777990254,0.18873951408535855,0.3808947219987395,5.96956422989563,16.77477117018611,16.887235844307558,0.2772089810176154,1:1,1:1_0100
0.07065762271924904,0.010851605965088825,0.18379824474629927,0.22892027767007342,0.05294051333890397,0.05076497308024643,0.5318175789604954,50.0,16.173827883126155,14.042249823959713,0.28124326787506027,1:1,1:1_0101
0.0773619363821657,0.015567212876062893,11.88823445367353,23.163752909250384,0.01629073216206238,0.0171993945387367,0.4423665724929531,3.4622491003543456,14.071832116624085,14.29623839969059,0.13026568046148718,1:1,1:1_0102
0.12930732583715174,0.06962793401978526,1.6269439724080907,1.9352191395550777,0.6281708381920286,0.39269974702529037,0.691889299247468,9.42890284935638,13.930932381609002,15.47474440193037,0.0693420774803757,1:1,1:1_0103
0.25997671903957476,0.056210594631680356,0.1497290056478688,0.15833747994031966,0.30763117064445467,0.2927090602594524,0.5006238708171734,9.863024581177767,15.457847700658238,14.347085966601442,0.22594451827845213,1:1,1:1_0104
0.17673843993415267,0.028247665802385098,1.762625358351704,1.0227930543288024,0.4362029092488361,0.4055294983809727,0.6013927941423561,19.870603885092606,16.35810544102347,13.584761517531962,0.12566271900812176,1:1,1:1_0105
0.059977804903124265,0.02176499469494039,1.657357766212558,2.1027598176862603,1.2521352191271968,0.6744389747049455,0.6996472166071527,3.303774666457033,13.867816059863262,14.839860971179316,0.09879601385010363,1:1,1:1_0106
0.2636224346146263,0.0690007313947909,7.196785075903423,3.658403851886575,0.275513026199182,0.24909414627093038,0.38860319907210655,50.0,14.662224017170336,16.454947092079895,0.27218382213224773,1:1,1:1_0107
0.20989697850547503,0.1255885846215949,7.222193654070097,5.469090282603744,0.05710435178984596,0.06350859090162245,0.4287695425539912,50.0,13.16109064489585,15.40804384120964,0.2579660452791249,1:1,1:1_0108
0.12254055034885127,0.027842162605674074,11.522293862556891,22.242312520626957,0.05764300121531518,0.034997874487321265,0.5769862236902197,18.127058710823732,16.144795897613054,14.741995195772192,0.27341306553928113,1:1,1:1_0109
0.12281256410961792,0.05891443237730906,0.15599111028093215,0.21929080580627075,0.3401681169593102,0.3983953134967202,0.5498337993523728,3.2542011574932252,16.233394036126416,14.17724436975728,0.19538886690866358,1:1,1:1_0110
0.13591552904612267,0.026270342435403188,12.93957096436175,6.572575102964847,0.3213407847245209,0.22595527104993263,0.7058816426145869,50.0,15.67667265135977,16.535460893125933,0.2207025771623557,1:1,1:1_0111
0.09848853983548775,0.022759024031969208,0.07043240298385417,0.0776618037923849,0.9324266808658612,0.80855563048519,0.4333353537973182,9.521234346993719,16.202721697223396,13.44194491247279,0.1252757951645468,1:1,1:1_0112
0.2684383627970577,0.12412828487914968,0.09071014261657631,0.15434672433442298,0.3742459567377969,0.26226042897242674,0.5100506512700722,8.182873242839808,15.131838500502667,13.011319746866345,0.18572591180703812,1:1,1:1_0113
0.027428775168349098,0.016163194735308202,11.900153596529153,17.008411535946724,0.02239173222272276,0.025856070084583283,0.4456446448154632,50.0,15.521102301549192,13.401955137940233,0.20069203983211104,1:1,1:1_0114
0.263668677501948,0.07813125163539329,0.18843503020340102,0.12053434448402618,0.541767929274573,0.42972162069722875,0.45537634277012173,4.861810747233687,16.086302043067896,14.275829987154715,0.17924071764896143,1:1,1:1_0115
0.037256901834259754,0.015998247982075973,4.787386809263508,8.300896645708553,0.5274855974745106,0.3251864431704612,0.4829837834944259,11.818096586148895,13.31176904912555,16.82224756187541,0.12860487997795306,1:1,1:1_0116
0.20622907089164638,0.048607197121590937,5.926320473635768,10.05771031187578,0.3577458049614461,0.2619132011525022,0.5452449099444017,8.176088331827163,15.872448149399448,14.784002018468932,0.29529003768995304,1:1,1:1_0117
0.09790796560382978,0.05122001672319576,10.680059263259304,19.551351548427927,0.2259773881940136,0.1416173770471556,0.29213705315891714,27.994637729899416,13.563566532820357,13.342485321345698,0.06842430300786194,1:1,1:1_0118
0.2033885938961421,0.04650827705253997,1.7890113400052057,3.1537944430325147,0.07800684447343287,0.043145616525533455,0.5870336202948241,50.0,13.502311142524581,13.595181674860392,0.2841093097321013,1:1,1:1_0119
0.15436124887701833,0.046029070010243464,0.15288180153187828,0.09611167792139505,0.02022699398532023,0.012967687746147946,0.16961899581268253,22.307323906440367,14.961232299556372,16.377336124833846,0.27623665171208434,1:1,1:1_0120
0.036421164848776874,0.009652297309478499,0.17144409644438824,0.2898065748360089,0.95668046862742,1.041832329965286,0.5746467617054303,50.0,15.916814324702482,14.783489485764616,0.24848087458675028,1:1,1:1_0121
0.05640710706790693,0.017791609777729474,1.9404401900760353,1.3154843988478953,0.23619077827534185,0.25416399205597007,0.4889997876499656,8.583123480692716,15.490244631952304,16.117112918878995,0.22413482122618128,1:1,1:1_0122
0.03269418051332888,0.016803633123078195,0.8357427458583845,1.5650164704892424,0.13057155099487158,0.13986001673988616,0.7469238123164664,50.0,15.614731440585787,14.981928778909019,0.14756577104648394,1:1,1:1_0123
0.09264377907551212,0.026606638275996578,0.0881764507060248,0.08375655714707199,0.4453881499467291,0.2739293359261964,0.4940210400334591,6.882518777881722,13.64073582810757,14.62752649782286,0.24396907242728472,1:1,1:1_0124
0.07337110347881737,0.04339330475532778,5.868563361550359,8.500900831118644,0.40968001392149317,0.3406856670735273,0.5780331097732587,50.0,16.66207003171541,15.735162921947424,0.1280772726116049,1:1,1:1_0125
0.14833581806308666,0.023360516050205556,0.10780391673299056,0.21473246153103484,0.4190482993412777,0.29122944109771076,0.4484402917162744,50.0,13.274264079461705,16.161715678819064,0.2563753170492644,1:1,1:1_0126
0.132367266383503,0.02436519109842978,0.15938501617072307,0.21086803154844966,0.40686594592187963,0.23388534528977717,0.5120713420084351,36.45760334725999,15.057196898574613,14.057868514208188,0.12606794911436048,1:1,1:1_0127
0.053658077165430154,0.01754539463358253,2.180381953896076,2.586949775236259,0.026019678381873634,0.018786427534948046,0.6414845408090566,50.0,16.710539266138998,15.825323529551188,0.09956796083138537,1:1,1:1_0128
0.07723007060693242,0.026815994270978163,7.911588385630795,13.226993228597534,0.2735185857163495,0.2444504067937556,0.5165671605717918,8.209400826845519,13.094403764927248,16.55593314432273,0.28230119870711395,1:1,1:1_0129
0.1949555285015271,0.050390222016219455,0.15615078609949354,0.25624934518765596,0.21372643648320397,0.18718425265931693,0.4653861577436353,6.080543947499851,13.714090616524125,14.217319119558757,0.13708494590976844,1:1,1:1_0130
0.31712107234673764,0.06015887295294541,0.15128184886380935,0.12145658845884819,0.5211137162963722,0.40122393666012446,0.5284980620040713,13.481742526058671,14.413520827652029,13.802115026404703,0.08397812598799557,1:1,1:1_0131
0.07315750873552986,0.02909042449788159,1.6818462373036884,1.909897060312004,0.3644682030239451,0.38667486121166067,0.5168352022762935,10.333784783992169,14.20098987893074,13.269609400247388,0.1299156851402577,1:1,1:1_0132
0.09696080897971919,0.035459035894200366,2.007184793600117,3.114037101046138,0.050240006129654805,0.030075369270997535,0.4458507392352085,50.0,13.857310376229075,13.699021451896254,0.28608431903976894,1:1,1:1_0133
0.10356159266599146,0.052777037097247945,0.23784296415211992,0.2474956569611469,0.4659105948611243,0.5302573702939533,0.5662557212476722,50.0,13.473424825459714,16.052793681832167,0.265832959874592,1:1,1:1_0134
0.3549270491392464,0.062276238874614,0.11972141574794315,0.08443628603193674,0.17196491867882413,0.1692863616271672,0.22840492625564823,1.0433848861099246,13.867086279207196,15.011906874136073,0.17752046905752855,1:1,1:1_0135
0.0617591820374095,0.029231740499536522,0.0864003020705863,0.08704214283160122,0.686996480265935,0.6514119410158357,0.17609238473545302,4.342715244799359,15.56510383602732,14.398618560165598,0.0570414260192139,1:1,1:1_0136
0.14119531251787557,0.06849922473717526,6.88243654695705,9.629901825651064,0.26033483495198795,0.24965838311669142,0.7667164609063323,11.357679625482724,16.10382958823959,15.270020531650161,0.16239036828422765,1:1,1:1_0137
0.12545460795619987,0.048184895644903934,0.16310471645926003,0.1759346500743301,0.31850966622991533,0.3334587889545752,0.3886676929661519,33.49499402841642,13.349612298716123,16.423024348518396,0.15434215169408616,1:1,1:1_0138
0.07127902022094142,0.030293017565013618,8.892317566964847,13.51134540452728,0.4913613836757801,0.4687550100271316,0.7628929886809144,40.81277003908266,14.340328184329442,13.898771854348118,0.24294908941904453,1:1,1:1_0139
0.06643032212178167,0.025220884944103926,0.14397617713864883,0.12215723628694175,0.30526906030976036,0.2600147527738568,0.36485399451645334,3.4045106578879025,14.306994590572382,15.671445911950007,0.16790005517769152,1:1,1:1_0140
0.23197790365469964,0.07069333998902377,1.7428411038179208,2.9477119587059377,0.022992364241563645,0.017363635157060693,0.6524089297027327,10.542943292444614,14.73590596390451,16.7143591568911,0.07058495172490196,1:1,1:1_0141
0.09603025464518891,0.05045019177856021,0.1262334009464767,0.08078785793997577,0.508128052605498,0.5498285965544746,0.5600330358905783,50.0,15.860080938785003,16.29791875494679,0.2967423757793132,1:1,1:1_0142
0.20288711261879008,0.03515449253982005,4.14258601626266,6.445482534585039,0.3538470745648151,0.3716961049331908,0.6249589921415062,50.0,15.773232121256493,16.40981814693378,0.13989383675924866,1:1,1:1_0143
0.35165633168139576,0.1145436941951926,1.9263927467254436,0.9758895111918827,0.3313580031737045,0.38120960797927894,0.6548843253990175,33.44731581333961,15.265986137897405,15.596910627435944,0.132141587718613,1:1,1:1_0144
0.037777699381441314,0.020393062111606144,6.892374714840287,12.683880986157158,0.3756786288207861,0.34667513959140617,0.38415063430647617,50.0,15.733127084722295,14.742963008073913,0.17099961143422093,1:1,1:1_0145
0.1932513584554569,0.07025958025267727,6.148031378579559,3.826010891399437,0.20618838428955366,0.14898678786216446,0.7065953983835342,50.0,15.665417708397316,13.55883907577692,0.2764736601762847,1:1,1:1_0146
0.13620415997847354,0.03804252841805254,7.877100191656851,14.029495660957464,0.4051903469375982,0.36309627749304857,0.0001,22.132235770974408,16.935531803136893,16.98380105787426,0.19048595711439847,1:1,1:1_0147
0.05384624405673511,0.016660808234905605,0.14358803778393187,0.20317834418329364,0.3120095018724653,0.2124318150593568,0.27311403384831046,50.0,16.846786495480963,14.211321452001004,0.16398217704726242,1:1,1:1_0148
0.341635375535559,0.11828265688159162,0.2743835149880229,0.2824961653895335,0.5429883119335316,0.5324588711716538,0.6180389278346573,15.271078970779723,13.194234849995704,15.612242032445797,0.2181848172192667,1:1,1:1_0149
0.14496418686687737,0.06273617377896577,20.215249922026395,29.65078141074637,0.3469433437476878,0.378565802258958,0.6323470692544543,50.0,16.902472566400128,15.66982080984313,0.2960638262360435,1:1,1:1_0150
0.2711852977588958,0.1338666250525518,0.16420074890322683,0.1257361168168125,0.27968315750877043,0.27300516850977546,0.4291336223259443,50.0,14.6694515795304,15.169456073773363,0.27820662042404265,1:1,1:1_0151
0.3832665710258071,0.1648495483549036,13.82235410559608,27.576104974836245,1.0548957501821812,0.617691062345647,0.5555437625344065,9.792244781853444,15.425564149576132,13.14810636680159,0.10958317016819848,1:1,1:1_0152
0.11997733764545784,0.035752264669123505,12.959271546803182,6.692400791086518,0.49374079081195377,0.5453716103406199,0.42915202770299776,9.77147026412225,16.841790048017273,16.859108049018037,0.22125595708818502,1:1,1:1_0153
0.35278706193831094,0.15002605353295217,6.758338195684859,10.310832537172672,1.024423252063723,0.5667443004581858,0.25538166870310103,50.0,16.79298759440889,14.358102404073213,0.18373735457832352,1:1,1:1_0154
0.07222962370478807,0.03300220186293893,2.03281374735559,3.3758329975481898,0.5203524452875283,0.6208357255776684,0.5752884949582431,36.65308755870265,13.568794749587587,16.99243708733829,0.08997831914839881,1:1,1:1_0155
0.24562304796426027,0.12796668396224362,1.7195877852509263,2.5233255217876116,0.5409288508747516,0.2854709822518101,0.34903676925473315,9.483588762752943,13.255986657574843,14.277906591933194,0.2469325479240871,1:1,1:1_0156
0.46969845258646364,0.19742316110170946,0.16792478061695496,0.15807871759267264,0.2639229385191505,0.20891816378022593,0.7287217637180088,4.009968391241564,16.95150940269471,16.184688042474797,0.07394005619534229,1:1,1:1_0157
0.09995902137458938,0.05130520483193456,7.901314510573406,11.455870798878074,0.5366179793365671,0.5647532058049884,0.5611327790267456,50.0,15.148956955958434,13.858714097258552,0.22461914631408414,1:1,1:1_0158
0.12563321925273824,0.03705707229825594,7.867871035129652,4.957193693451486,0.6819366419279681,0.38594549803818595,0.2737201598917486,1.8641891914231636,13.438024877662011,13.987185878253957,0.1479678120137632,1:1,1:1_0159
0.09947840841079875,0.017459038587104965,0.08710858247788228,0.13827471723593637,0.4823401599853457,0.2686812238619829,0.34169295858714344,27.260109322496863,16.784588817598976,15.273443520637295,0.14850609244548363,1:1,1:1_0160
0.16745935129749664,0.05192911400030078,0.12700027952733386,0.2502747964667129,0.3559964452514018,0.2636177499800678,0.44702166693054324,44.86983011700172,14.721456465358013,13.248021371614461,0.05013946298324677,1:1,1:1_0161
0.19802468738256726,0.094225285407318,12.395543109979638,12.610185898008929,0.6027111491627524,0.4478084993653593,0.26444299423656403,10.676432777814517,15.482776259924673,14.841548676179798,0.26993597648499673,1:1,1:1_0162
0.8529713102322879,0.17330046444708763,0.08533634116535435,0.04514609790989718,0.9565461996137363,0.7036460525245476,0.9376776262876709,50.0,14.680053555855336,14.945303523257243,0.13493347518732157,1:1,1:1_0163
0.27938963016391977,0.062852052775195,15.003789385402845,19.109917854148005,0.42745119679556265,0.44960887005193323,0.7291982585242839,5.116552083745878,13.160593316052271,14.272426387259063,0.21830559564024776,1:1,1:1_0164
0.06822294633808794,0.03415693873776716,23.20738100198035,20.10917059413124,0.3127579801060619,0.29497663846068917,0.417536095136378,0.7646840542494628,14.151090319416936,14.107893446775313,0.09426755954357104,1:1,1:1_0165
0.30771588098228636,0.09501060886614968,0.9245988699336779,0.7739782813734785,0.3013034612030612,0.3408047907828128,0.3533316020916242,13.846614980285622,13.964993633457523,16.412876717911676,0.23006654868680715,1:1,1:1_0166
0.1715157809561616,0.03571801276934329,6.544748702447803,3.7863367476172805,0.553319373223257,0.6470518231676986,0.33538392575884296,38.04709157016758,14.501972406100801,13.548839208356062,0.138145511490889,1:1,1:1_0167
0.05627534343141451,0.017410748993113,1.2325750754837275,1.681535453767963,0.06050114674490226,0.048193800259765746,0.8820618716551982,9.054491904713856,15.086024330793103,16.508226808675957,0.16511247031535153,1:1,1:1_0168
0.32200579737785306,0.08294226428019964,9.451435331501434,18.605628251055297,0.49059379222394506,0.3834991192620496,0.2828009891059211,11.838608652353846,14.401788285755934,16.679450327464256,0.10188880478774147,1:1,1:1_0169
0.21049781194640216,0.0691218385794222,1.900612161150254,2.0406269613226415,0.9099792052890231,0.5420119578523366,0.4745059998367935,41.45744757870573,13.265079441860955,16.622799800557747,0.09261629750460983,1:1,1:1_0170
0.30191906844416316,0.15137518835107075,0.1848805520190777,0.28832803685457364,0.29238500163558123,0.20610279682371493,0.4177966510481501,6.790133048174017,15.567773908364458,14.123767713412752,0.291774793200872,1:1,1:1_0171
0.3473418216223208,0.05584430212892102,0.10264976657816262,0.06860692274995145,0.0959196973659197,0.10641795624823532,0.7814056288736944,16.486187040657704,16.23992710784611,15.724547508637887,0.15664173216342808,1:1,1:1_0172
0.17081214530549915,0.0820332294815966,0.17830546114339427,0.3470293454008997,1.0442502083276466,0.5536112465176185,0.7232256133668745,32.91050447604374,14.81589300211201,14.752852320156876,0.18429791294384695,1:1,1:1_0173
0.6307040887211127,0.3323382421202625,8.044792417955325,14.667111470628223,0.4359873985353831,0.35723224453791586,0.5818018087937488,50.0,15.926305515746993,15.31999519835587,0.07804433875236956,1:1,1:1_0174
0.07653798565477446,0.0356634564028623,26.59595776122062,27.275240309249618,0.24843267581472347,0.1733782040555345,0.6053618240005272,29.342767792439794,16.58986512937623,14.126124328774036,0.17281322669529103,1:1,1:1_0175
0.03423441520468843,0.012154106589662135,7.403399741300817,4.202597930847819,0.44529794045102217,0.41950400703198426,0.6016952833054758,50.0,13.186618963195171,13.675966513421296,0.1563871262736976,1:1,1:1_0176
0.28292719572205416,0.10432202082175573,0.09470027350756888,0.0910914702786231,0.6208289758058049,0.564856672410889,0.3335411891305101,9.40377769024957,13.961360180736293,15.24467069284066,0.07652561003664175,1:1,1:1_0177
0.14669454237568888,0.03855308059833145,0.10831923080282346,0.21577236594310562,0.5856970783903249,0.6955714931444645,0.6739554527609863,36.88516028971017,13.096722518230738,14.852923047295638,0.2795830920498165,1:1,1:1_0178
0.09027535567037061,0.02510435641328631,0.16581944737053184,0.16246529077212035,0.46078173226572433,0.5378050647970943,0.6543802819291707,43.66322550886157,15.12246668982598,14.565763536330321,0.14558828927216916,1:1,1:1_0179
0.035441581020139036,0.013572847592123828,3.346172766418929,6.59834505969124,0.40283182799143835,0.420564713065673,0.4429349498525815,0.7754937938680605,14.926029249210943,15.83664348480077,0.22565290107992475,1:1,1:1_0180
0.051616069825661685,0.0187960853166183,0.6995585463496634,1.02218403561713,0.030395831527120398,0.023723783780816333,0.5696433316169999,34.52081451079386,15.431477226007702,13.433902364046455,0.0822863616248118,1:1,1:1_0181
0.14222939405798898,0.07643460682037356,4.008635008598968,4.273561641655417,0.28471156150286386,0.16445535973651382,0.3699467114213309,50.0,15.163339498763806,15.871995268574894,0.052126897491216725,1:1,1:1_0182
0.037611901094854606,0.013657527864366368,1.3967175755960723,1.814735148065106,0.28364378144829466,0.23436384954515685,0.39399867291711266,29.3554241300659,16.68537172723588,13.742034891970766,0.2591443349016068,1:1,1:1_0183
0.06917725975396904,0.02288545218318377,1.5368196822315414,2.0186149518915357,1.000427491566697,0.7469167082818164,0.3090199213951921,37.2558512485862,13.753306058965537,14.545978434910795,0.21864864719471427,1:1,1:1_0184
0.14508324282067364,0.04826697812352419,0.25337732078324104,0.48601647760335964,0.12283263520760233,0.08930039283649618,0.5349645108036926,50.0,14.365300302907436,15.43139000214249,0.14196452192127035,1:1,1:1_0185
0.12360144992534901,0.031525197313845316,1.179140958031717,1.1092941534286551,0.33899639306650176,0.21238989895327984,0.454593214352454,50.0,13.688430763794063,13.514705360831385,0.05553656668917574,1:1,1:1_0186
0.16806972382515775,0.08629270735574089,0.10734970108721091,0.1761314991174524,0.4983509241061796,0.5679297031893704,0.5029592478677316,50.0,16.34080278061532,15.920534558441123,0.17807711557206252,1:1,1:1_0187
0.0835845304695113,0.02246439353056517,14.300836195060874,8.675231793648601,0.8657063614715145,0.7698468178326554,0.5675810611395148,7.402322247027759,16.658491958574253,15.306923297855487,0.10480167030847616,1:1,1:1_0188
0.06976580449722451,0.03755337807218709,0.12414072471600228,0.21329654408142124,0.9410454062189691,0.8109947439269226,0.7652186553491909,11.205613853711192,15.135256350839402,15.087905469909593,0.20159869563817,1:1,1:1_0189
0.32766552653980746,0.18553166118089046,0.17257965115995746,0.21646277799612698,0.4423351230332176,0.41161678857313583,0.3917844511704935,4.849908085412074,16.356909522216295,13.238140435537133,0.28465324208551473,1:1,1:1_0190
0.09816886476740085,0.04217568134770937,20.028868244547954,21.195200870160704,0.314876598731617,0.35336386468230485,0.40009912521286145,50.0,16.818434807320756,13.496343988231231,0.11569516642863094,1:1,1:1_0191
0.0643018529914177,0.02615860154228879,3.42868767659233,4.311416435819343,0.021780615563967237,0.0229700803907083,0.26768024412177926,50.0,15.219935168722806,13.82880525439593,0.2812948687119589,1:1,1:1_0192
0.10270565911989714,0.02461924127366592,0.10004724320313302,0.12844451341665664,0.2700671400113056,0.3009178954447664,0.5946995908561586,4.0992382663897855,15.398770929535612,16.381776031046797,0.11924157498796455,1:1,1:1_0193
0.11781257645858452,0.027375672941652503,10.942981935777707,7.329373901214637,0.3048880413751507,0.2436978757378472,0.4336864918119996,4.611258822971254,16.115587726879625,15.752682038501709,0.08260143835992333,1:1,1:1_0194
0.06880474364371432,0.010555012216277717,18.409257164833097,29.6474965803389,0.17656530433058276,0.10133968965940447,0.40472222558475895,5.588221521016019,14.248411036597094,14.717137820402792,0.0689066413719716,1:1,1:1_0195
0.4000131034393853,0.17501052136241502,12.61521770684134,13.638367875773842,0.12942289966024456,0.14818268694914516,0.4531546249084661,50.0,13.109137853727256,15.417484888394732,0.2759119165301006,1:1,1:1_0196
0.2159738278803855,0.11722080283240151,5.345635385984046,5.017901089704029,0.4390771961936844,0.3135629255034643,0.6656339496118164,0.4700176863531934,16.284868836431638,14.854764159701025,0.2072400450790891,1:1,1:1_0197
0.18003601344903175,0.06999547051619873,10.623650675887983,20.958249907502022,0.4978301529456853,0.39303717932923743,0.47089577908236785,50.0,15.612552125555604,14.367442224992356,0.15872216096540792,1:1,1:1_0198
0.3775513543869411,0.10178191151342418,0.1471008772668025,0.1844446935367289,0.4286893887910179,0.2986732478396473,0.3642586673274356,50.0,15.069658260565806,13.768093959610722,0.11773798568229708,1:1,1:1_0199
0.12335019755976147,0.06100526432478724,13.353014421078427,11.64413167105493,0.04995176779450604,0.05288075793029443,0.46299349278909163,50.0,19.425252277629372,8.282426235588623,0.11351288400288377,2:1,2:1_0000
0.1264436428355162,0.029740640474701825,2.0449565352710763,1.5550141133194597,0.189856237070543,0.13072134945242075,0.7294120682456634,50.0,19.377691441989008,10.881948891227198,0.1673651139630059,2:1,2:1_0001
0.0731228379721431,0.027773749031611027,2.132927013554344,3.3463315826640816,0.04325976427028999,0.04893116593377654,0.6918744748544786,14.826785746384347,21.71145225213026,9.950010714623245,0.27856032188188423,2:1,2:1_0002
0.19057642054472684,0.06459433264314197,0.13187505178084905,0.22211805363740741,0.31778747577951316,0.3460236210211096,0.5385149511723205,50.0,20.442421183401105,8.431003681929132,0.08134975472057758,2:1,2:1_0003
0.028867471195617084,0.004500418658312385,0.09673509475858037,0.08381450909423162,0.4273714169615369,0.30860800475025146,0.6193984982672458,50.0,21.24389403410738,9.55171312151456,0.12029106053153134,2:1,2:1_0004
0.30300616214391274,0.048644420627055214,0.15060145097205732,0.26407992175063766,0.5034629634805758,0.5250927610351809,0.5832531831214092,11.091179697444002,21.605470576225603,9.852449332576882,0.11530779523149241,2:1,2:1_0005
0.09227406078403258,0.0503636003900614,1.1773955361001143,0.8159005875632166,0.5799543155492357,0.39214489052593016,0.5019170652544604,18.622465634079536,19.92831478139351,10.205162211747265,0.19253436228501586,2:1,2:1_0006
0.022348050778275116,0.008591414085317889,0.21505208768427095,0.33983400317812956,0.13608770782571064,0.14880565712807897,0.4235155389149504,25.864373344750835,18.173072614190044,9.232462005007635,0.24060406729323586,2:1,2:1_0007
0.08652052043079131,0.037419266817726234,33.62221367531948,21.96573476740152,0.5747437757690987,0.46403691968742306,0.4869991935772043,27.112584043629916,21.71754377959314,8.463641777023545,0.0891019370522786,2:1,2:1_0008
0.07686558504503951,0.03935651895254689,1.4297912255357943,1.3927261210488104,1.084523389827756,0.5846992125200169,0.4668151275500686,10.170663038221408,20.230409303787752,8.995455877588629,0.18294588729516842,2:1,2:1_0009
0.14563532135437174,0.03388635347762777,1.0899789198607834,2.140156761629417,0.03598749076033814,0.02237201083772513,0.4855841254047831,50.0,18.756497355310803,11.881786038174011,0.09150704297006161,2:1,2:1_0010
0.10902950374842696,0.05973118007828388,7.642589471595824,11.90189762939819,0.2178252719055069,0.13640194685560356,0.40261499630273245,50.0,19.65579429109454,10.46725610654167,0.17113745847041034,2:1,2:1_0011
0.030476451774926243,0.017526691432859953,0.2758612902980693,0.4664077671962219,0.5047574884671324,0.5257693117631258,0.6343087425101512,8.121692323482515,19.14295885301384,9.313361208098828,0.13075735067205746,2:1,2:1_0012
0.10915132094899158,0.04237088260065545,1.5488205499926815,2.351435405979256,0.4337014626468594,0.4071557652113093,0.40996580187361076,10.748526397242996,19.900806284645665,9.63125785360969,0.05646715199355913,2:1,2:1_0013
0.31144139085718986,0.13677239356833076,0.12456244422461896,0.1394958418203727,0.44547006923465304,0.3026054867913193,0.4733450825633714,50.0,20.051635168606083,11.133828783511584,0.1230773745266255,2:1,2:1_0014
0.05726048983241211,0.03384545736185087,0.09204567839068294,0.09774179602634439,0.054983850017127495,0.06316893833566524,0.6750345798457469,50.0,21.711920779115886,9.91927629099922,0.10336882310128535,2:1,2:1_0015
0.05805136128922705,0.02587527191449989,13.866218155116023,18.19606674429774,0.2962565633404871,0.1817802394799905,0.6162658023627496,4.516632920262262,18.112903236430355,8.222118247440934,0.14815847341417465,2:1,2:1_0016
0.0854526364242986,0.03642074743214117,6.414111240717454,11.049776702664126,0.6129139009982917,0.6925207927274966,0.33431768043971133,50.0,18.175887265591477,10.637223618615891,0.2833764445935662,2:1,2:1_0017
0.1578583216298001,0.050568527553955286,0.13682756407396277,0.16765075855573272,0.3809608778457085,0.2030319567438568,0.6380121171565414,45.11377709401006,18.06377532118356,8.5334498645723,0.28636012180413206,2:1,2:1_0018
0.10274678954546289,0.015577086742565886,4.327962606497452,6.957969132949006,0.3467690175352746,0.3640737404572562,0.6846911239419806,0.7016316933866389,21.360590467948875,8.977128462925304,0.14491717428820616,2:1,2:1_0019
0.14753886361926769,0.041367156439607006,0.16009868690997667,0.2695978132149508,0.39742628512554945,0.21382886609866106,0.4823775029099481,10.22740316856456,18.361491225647214,10.145862003369643,0.20323225304388565,2:1,2:1_0020
0.08106998859339176,0.046246723141528494,6.875180375780738,11.510605799116178,0.39026671841745586,0.41343827803255345,0.5651424875208029,14.420614608992286,18.61333807631344,9.421614055704788,0.2338867622003309,2:1,2:1_0021
0.10225616587166415,0.020955951487926856,10.147608916277715,12.732687378162543,0.4637521614525728,0.5317350672585268,0.43159438461619337,6.020601488474265,21.78860226077061,10.931574140960823,0.17776667636411952,2:1,2:1_0022
0.055280237305083954,0.027282246965334062,8.710407721290913,5.289024129277314,0.060198363734685414,0.05183640439790714,0.595214644389896,50.0,20.361772378498564,10.378931371647456,0.20668202377863892,2:1,2:1_0023
0.1478161735194725,0.0282917429218432,0.11133588897762307,0.21678157938785977,0.5935096827488093,0.6261438216481405,0.3830268318550185,10.37526770501025,20.51731272407345,10.047202747462805,0.21038630309824202,2:1,2:1_0024
0.04674940625251688,0.022402197532697194,0.19467493615215667,0.18628592796561383,0.5181080235503517,0.562253806483583,0.4938626939463108,12.64394921045863,18.15495689207241,10.53106657774758,0.11054055371032269,2:1,2:1_0025
0.08236345603658815,0.04695036038895048,3.296788688553428,2.611313857409047,0.36967133308511574,0.20502588148336615,0.4989831821397614,50.0,20.3297382456164,8.709128231616681,0.25163241441433326,2:1,2:1_0026
0.1256128524848938,0.06818976667682898,6.28537650878158,5.1735099606529555,0.11047108617551803,0.12608395023710756,0.4727337506998934,8.936825851580744,20.90195967691118,11.102066748516167,0.14466676981587884,2:1,2:1_0027
0.0916716731844317,0.03318400453349327,0.06741378486624745,0.08126356284593024,0.28679721420958226,0.31467854642824744,0.5823545489025477,31.555090871778134,20.231156760655956,10.841729025673079,0.2425906515456488,2:1,2:1_0028
0.05398277442294199,0.03182743134144745,1.2505825681358167,1.245013078186669,0.6877472447281775,0.6066833761169771,0.5065890126052851,50.0,20.001680759889577,8.237281877156498,0.2661286659713482,2:1,2:1_0029
0.02352646666229159,0.011077246568910857,0.14740486495402852,0.17590718123483723,0.1836882707034378,0.10697250072290072,0.6337227581873174,50.0,20.144941157885288,11.92090494284062,0.26747084572627655,2:1,2:1_0030
0.04724673850630172,0.01509882585489622,30.471996386457967,31.724848595428945,0.054518680815458846,0.027689856116597324,0.4146602160582385,10.060351957535397,20.274939446942167,9.276732189845541,0.21294081326753195,2:1,2:1_0031
0.05604759277908355,0.020537403273251122,9.319216725793838,7.077930348837384,0.10054941981331413,0.06913530868366105,0.3218120660585249,7.459326682878382,20.05199188615384,10.94839538587324,0.22151677127972652,2:1,2:1_0032
0.13467881597940454,0.039100697634902246,9.318314767681397,13.237272754693775,0.6869400388468199,0.5467246676586877,0.653891288551355,50.0,18.26636216119849,10.326768494474155,0.23755984197145918,2:1,2:1_0033
0.09388811751586579,0.02510021934027079,0.2002212830347634,0.3662548009545715,0.04268160537341281,0.043211068854286015,0.5967109593357839,50.0,19.105441742605688,10.267077932287574,0.06648591621251847,2:1,2:1_0034
0.40898025914684216,0.11996949505704942,2.842119413118535,1.8822438616920487,0.4349643622858791,0.35660162820984065,0.5374366933811987,7.373028971294278,19.11375120241472,9.417496493702828,0.16535460672586344,2:1,2:1_0035
0.15916376905459076,0.07705806272458135,6.542874446059028,5.240711203430471,0.015820150030609163,0.008986624383484736,0.5597536054406353,50.0,19.857882848321708,10.36897261078516,0.24196939418888114,2:1,2:1_0036
0.10772460119671397,0.026625643981172627,0.11315431657800078,0.14745867690039668,0.3793320231080393,0.3192167081060785,0.18666745118678657,50.0,19.34188870137188,11.767407578093003,0.1652999834402894,2:1,2:1_0037
0.08962406499196979,0.032412797100017134,1.4594986889913297,2.352457588263746,0.557324648975456,0.4478141622928976,0.3832210571683475,4.022029528039613,21.836361346605944,9.735840730094182,0.2163208427146573,2:1,2:1_0038
0.07019125431186496,0.021750178295371382,2.209736370413741,1.6987525902088008,0.05788626661193505,0.029102162356655182,0.7503605115755418,50.0,21.758816865338545,10.174898015865605,0.05041857909447199,2:1,2:1_0039
0.2807974211109689,0.09467128527532437,1.1433031982177697,1.2083243384040874,0.3325427211752813,0.2925015986949106,0.43888107608815435,50.0,21.330159674694485,8.0284057164579,0.1074409786433685,2:1,2:1_0040
0.14866481781425395,0.07367500077210425,11.137116307019332,5.884694893459605,0.03816524090694527,0.025767798199698204,0.26361591228316994,0.8997383934878006,18.815201990447758,11.11639758143468,0.20207094530031788,2:1,2:1_0041
0.05230756692003177,0.014921678007243575,0.10259749353374442,0.11493803222487986,0.6126961806475768,0.4005473534337167,0.3235906054732096,24.043971161314808,18.42039203954173,8.072592190772268,0.07551144241026815,2:1,2:1_0042
0.29653684133772773,0.10939777561478353,0.06063610185748283,0.09314741992047977,0.021943371047493398,0.015919596458259425,0.483964006188389,12.636783609785704,19.85964983915443,10.669228794216654,0.19240178350358972,2:1,2:1_0043
0.07394471915449055,0.0343495753642011,4.355975830126443,2.495909597170355,0.049021156788324444,0.05517317777628196,0.3966109972157198,0.8281578499642035,21.638280534314404,10.819643642830886,0.05003564901220443,2:1,2:1_0044
0.10234973761456101,0.01839599345817325,0.8314720569575639,1.6054143669612588,0.39080605184712836,0.45148046704030925,0.738367913031562,19.591560284174772,21.409282563783517,10.459191526704146,0.07805515213086396,2:1,2:1_0045
0.09136476533935466,0.04078890398392702,0.15116875368859428,0.16602544155425145,0.33052723766299225,0.3743579171549518,0.465583704257817,2.2003317232094624,20.53664356673685,11.088162889993512,0.2441829174388641,2:1,2:1_0046
0.06365226254396343,0.0334593658660675,1.5584519049504362,1.1858180018692879,0.42342899819386204,0.4362807929046126,0.45447107231601735,2.7669435267277116,18.940546131120687,10.902618573805022,0.22203596161269962,2:1,2:1_0047
0.07203312875965359,0.01783959923360538,0.6154050829751869,0.4970136979373366,0.02754118531559452,0.015565064788783533,0.45000503598491826,50.0,19.232606118941636,11.200485215425857,0.08888820954856654,2:1,2:1_0048
0.2195331465816848,0.12075246274974812,10.924178918591899,13.99696512266326,0.05888652607194921,0.037544370132814364,0.7755198769390037,50.0,21.960685551233308,8.452380919147375,0.1539047042702258,2:1,2:1_0049
0.37439243510067854,0.1425860140164138,0.7938266079893894,0.9707318373240005,0.78163865535805,0.7382755595737053,0.4697108534487764,50.0,20.803915568544742,8.828889007872226,0.23488678260271062,2:1,2:1_0050
0.4399521511450311,0.09172075330026218,0.12253397211015614,0.24160447958939385,0.05706564298338859,0.06645146084872287,0.41814584994594706,5.652110444641234,18.05965529075165,10.016409599033057,0.2849862520526215,2:1,2:1_0051
0.18691139628591275,0.06434500886272007,16.571869540358417,30.46943490494416,0.44799938030560116,0.324304353292285,0.5000321182623512,13.222152118533597,20.07793314148348,8.52442415093473,0.14498928894930196,2:1,2:1_0052
0.30822449324823653,0.11259602784776242,5.181205074491624,7.71997542261418,0.02282829669011223,0.016692105221255454,0.5303868819452061,5.349258463917007,21.922120341198497,11.313800665342939,0.22509272816374637,2:1,2:1_0053
0.110644207955265,0.043447168019819876,2.2422857590451746,3.4281109221250916,0.30999278318461776,0.31529610751066733,0.49319130477599143,15.175704927757147,18.737551918900127,10.80223877461245,0.2548202647170907,2:1,2:1_0054
0.006623355508017506,0.001382133846422947,0.2575868056739379,0.5133779112130545,0.028792208523738854,0.015113953260931104,0.6852500550598875,5.293517922883968,20.56665932803628,11.428463753499962,0.16451712307993405,2:1,2:1_0055
0.1654447419912021,0.04779452534704558,1.4774488199777804,0.7443049920385181,0.7435981357810076,0.8896762828863469,0.4341569232037281,42.469053786260005,21.11752942040416,9.218327827011205,0.13266476014456935,2:1,2:1_0056
0.023145804556587123,0.005305268296893421,11.985738950946114,23.74495957989969,0.02908343291378701,0.029841383105768927,0.4573766848955014,48.265864097530596,18.42778761539077,10.91634116882664,0.09216461821793638,2:1,2:1_0057
0.31118997846311724,0.1776726693100291,1.557755231309447,2.9999690020019405,0.13151978591655467,0.1403462962406441,0.3704041652782828,17.370344757226363,18.85300042210325,10.48829411431096,0.22721820629068135,2:1,2:1_0058
0.09993850561672182,0.01946414041585143,0.9437802341083645,0.9451709311451113,0.365376229393595,0.3666028504697182,0.5029206895054419,47.25966498614676,18.829270676932907,8.660207429758499,0.11103445112990441,2:1,2:1_0059
0.10934467895175959,0.05268294349823003,8.199305755727977,9.677208573078024,0.2613433485036284,0.25019850844098984,0.3439008888726135,50.0,20.497371810912835,8.723118954920732,0.2383247383586708,2:1,2:1_0060
0.4834053902701594,0.22941850740593175,4.823781995083992,6.91212502927787,0.6513927487098393,0.5203650071363369,0.31956441603037755,11.885917753018681,20.822834726640956,9.67580501169046,0.2989253294296183,2:1,2:1_0061
0.071523263489365,0.03053171854249249,0.7061354495627906,1.0466519192630124,0.5351109162394232,0.4732350760374608,0.3451833790769866,0.7962700592111431,18.409276182967854,9.946198717960678,0.26485975611486695,2:1,2:1_0062
0.055804190180747656,0.014012930386585411,1.4742095118575862,2.3938915299970343,0.38570957081851764,0.4552460796308363,0.632654045768695,1.2450915921376353,21.411963237519377,9.57572927822142,0.23289559665694315,2:1,2:1_0063
0.08889362439604191,0.05004451638367203,1.506081251337872,2.8895632934987345,0.36983827758106247,0.36812411996850125,0.5090119254453377,30.812359322523047,18.994671196302455,8.941837391340067,0.2823882094144055,2:1,2:1_0064
0.08158117157385214,0.04651475384921662,1.5358810472359163,2.165633016536315,0.6651356662409308,0.5984907866913458,0.42873871396232477,35.912525724904384,18.521950416081253,11.63054542958983,0.2102118357366199,2:1,2:1_0065
0.08687770217120755,0.04800125351196655,10.622405196415002,13.061543122302487,0.121243375461172,0.14111147305682048,0.40448377450644213,50.0,21.775697953368528,10.339445389540838,0.16666439994764415,2:1,2:1_0066
0.029675191254972463,0.012562003256857567,18.302880374334663,17.330442590632497,0.09082008110228897,0.05803585357339645,0.6243525764752504,18.182948784668124,20.106679669934003,9.000069482492341,0.19040965992029885,2:1,2:1_0067
0.21698527370584572,0.05927955554383742,1.1593856441127661,1.5076936811558457,0.021119402023626953,0.013848480652353059,0.5127699988523833,5.4473030415363555,21.371019650803508,10.938926045698205,0.10864921742467841,2:1,2:1_0068
0.0948129290241615,0.03357208648437791,0.09502771965261675,0.1379595425245811,0.2842671732653415,0.2138323592731515,0.3458631927068465,10.93340612865649,19.857448703764597,8.866826879905176,0.20331310903566224,2:1,2:1_0069
0.06604043315562946,0.028020451424401453,1.1127903689503058,1.652054782288069,0.3617466998442925,0.2596144621667618,0.3643127639183823,19.437279444621733,19.855632688574087,11.349440847363311,0.10274950890675026,2:1,2:1_0070
0.15133405906286815,0.04348310495515718,8.209527711415271,12.15649713184357,0.4783808057189438,0.5028049129426679,0.8141634690869515,18.76375417765046,18.240144716342783,9.651410929305918,0.1863165626091734,2:1,2:1_0071
0.10954252523896925,0.04450142605720494,3.454395960300587,6.281571176160948,0.08203404759488692,0.06031273245706806,0.4724911279776645,6.826135345752754,21.982428899695925,11.024608461604172,0.24754064125839442,2:1,2:1_0072
0.11769621122119069,0.02104355034307665,0.10635006068473893,0.09412579509086175,0.869049947282976,0.9473973483176736,0.6502560425028239,50.0,20.205367118742203,9.799654148888235,0.2144942723943824,2:1,2:1_0073
0.1860174598132281,0.09893978232119917,5.897498109856986,7.044247199484933,0.27031411978683095,0.18981567641949829,0.6884919196352418,50.0,20.026724505722196,8.348454450798283,0.2774108046736302,2:1,2:1_0074
0.33184652846967594,0.16455277121702974,10.443679745679729,19.955906256220032,0.5768456537740625,0.5105833230957882,0.5473680468311156,14.473885454813303,21.13129760810035,9.97818080070501,0.12548165617497953,2:1,2:1_0075
0.1796954848971417,0.05032987116529658,0.12826063955923578,0.1075179558004174,0.6418975497434644,0.562621107289722,0.38006306345481866,1.9928343014931578,18.497454357818352,9.74441155462145,0.1234083029613426,2:1,2:1_0076
0.12504801555598516,0.04933892442926131,0.14493825326729495,0.20798732069822373,0.2761141231317533,0.21920854181806929,0.40253485153853075,50.0,21.653131097426904,9.258711401363419,0.05732973652652111,2:1,2:1_0077
0.12407328121339385,0.030982086415570476,0.10853813969159679,0.16765064104212118,0.5318276207427999,0.48331580423346476,0.786295028334912,50.0,20.60268166568667,11.012091218861023,0.26944409217926796,2:1,2:1_0078
0.09101070494784214,0.023957967587126188,3.390804035250303,3.760033224313605,0.6431935544825872,0.39171209175006766,0.6340831853221822,50.0,21.85220837367744,11.14428478851778,0.11910712468546387,2:1,2:1_0079
0.3344862947639067,0.16727048733730698,9.365227880153032,11.532214466461001,0.4155714786466968,0.22146741907258305,0.5303478004124471,50.0,21.750630363691947,9.299852949451612,0.2895107793904203,2:1,2:1_0080
0.05532500259838466,0.02661517757671632,0.1451902757494479,0.09857677252395186,0.37307911147369044,0.27433195148234546,0.5830025687655529,3.4862909850399397,18.336902801117983,11.149003798173409,0.10672117400046006,2:1,2:1_0081
0.42148509452318766,0.18733431658276564,0.0269746692891938,0.041030379599429456,0.40032470635548584,0.30860526496464363,0.6595276988812253,50.0,18.710671796544318,11.416663888846562,0.10038611068409299,2:1,2:1_0082
0.13186918159066108,0.037867077943715785,11.729193677239593,13.714670498207083,0.04154642357985766,0.03402186235351366,0.5694554272489892,0.9714929087839347,18.777735947916,9.113871725482554,0.12484370483392586,2:1,2:1_0083
0.19574085413954206,0.0999297201975079,6.676286498718292,5.049451838145309,0.5408542507301775,0.5134450489755619,0.6661320364305405,50.0,20.00511063130409,9.415537047977317,0.08416794403811463,2:1,2:1_0084
0.10575015020538747,0.04739399872281042,6.293650178528823,7.897362117642586,0.3905080885181651,0.21019031487068943,0.23953353172047487,28.27617717580808,18.3464461772331,8.09774907191004,0.2945969750920067,2:1,2:1_0085
0.054708912843659155,0.012893261647376492,1.7303724921213124,2.967830779881101,0.6569651509163138,0.619442874289286,0.7273507720759392,5.517596528638233,18.53177404019274,9.734109584669968,0.15607672760998176,2:1,2:1_0086
0.0645904476058116,0.026708594540076052,0.15691224629144582,0.15982132507311853,0.4580309140579083,0.539028797771927,0.4977135116610702,29.74221503618344,21.905218844027733,10.410566629513093,0.05431271467987968,2:1,2:1_0087
0.10383616214546372,0.024394345794843883,3.3251840345986667,6.1665082242163445,0.2700799083015356,0.2439470775051989,0.3231016302092805,3.7651493113574444,21.238654798687413,11.578718775879672,0.2978571153258253,2:1,2:1_0088
0.06461316429884148,0.03634525377810804,0.15698882931502373,0.16593364453838302,0.21237127731202063,0.2058568173883984,0.5388024310619425,50.0,21.78558565001113,11.696285976345052,0.20978106019596587,2:1,2:1_0089
0.08697963858766447,0.022560594872874762,9.996782423979468,16.1776304158591,0.433738861326447,0.41521690288931506,0.483250640629428,50.0,18.32033539240231,9.286245852448792,0.1377330504662414,2:1,2:1_0090
0.24592680514380236,0.13149491665641494,3.3066170559700505,5.025014069442392,0.4094277515325208,0.28610587526510634,0.5313069909324476,50.0,19.60813506949639,8.744981582072116,0.06526243020408255,2:1,2:1_0091
0.07648822839581254,0.018615849716217887,5.127154271677896,7.491605036286016,0.2507379061239657,0.21815072881025296,0.5837879752655891,50.0,21.144580957610145,11.124673899049863,0.26380214760021564,2:1,2:1_0092
0.08968104300400528,0.04961954764045156,0.5099973272242934,0.581328998702044,0.44999333594298774,0.3628237305687732,0.36062482678708674,11.090513142545944,19.30749715027546,10.930329104471983,0.21340969595858528,2:1,2:1_0093
0.27428185189611093,0.06506875854044095,9.266354258533896,13.546779696576127,0.28456196501067244,0.26179488106257626,0.24199417966677206,50.0,20.514595099163717,10.367335700366421,0.1695278143714014,2:1,2:1_0094
0.2519678207271945,0.07582651876829882,20.764703730398555,14.525849463027193,0.4527318945592987,0.4667106410879099,0.3669420808651903,50.0,20.331429350119603,9.362628530085097,0.0711364629897545,2:1,2:1_0095
0.21739108831266618,0.03800919840409168,10.144475540349466,19.8086757582532,0.23020279002565647,0.17341145129053923,0.6356007232846095,50.0,19.446608731247473,10.243468498048856,0.1109536925585672,2:1,2:1_0096
0.10260641429741722,0.060781505315538074,0.12131365615815048,0.12022009735308185,0.9147995787690618,0.4815219466471138,0.5939932659669314,50.0,20.279165536383964,10.329294419613372,0.22928009209092576,2:1,2:1_0097
0.14298264206545938,0.06158132881471341,14.097272698646904,19.973430351265822,0.3823850247511896,0.39654226777055085,0.5839551453432176,10.418062028837307,18.487059070023005,8.508116184497672,0.14887993662605425,2:1,2:1_0098
0.10172994345737875,0.029566387451841796,1.9004427262325385,3.7223669326113384,0.625413765968676,0.6756536945829565,0.40688470329257875,50.0,21.01899910880921,8.719542908270807,0.25679516361177385,2:1,2:1_0099
0.049430554656796376,0.018112261151182616,0.8676993318686638,0.7783458394611701,0.40988559557960086,0.3957578276074845,0.6372394494345143,50.0,20.53845205251253,8.256862099212798,0.2808849791656311,2:1,2:1_0100
0.1370624550499526,0.04331377699332907,12.319301934520459,6.7285156518254015,0.8855062360812127,0.7878376807259916,0.7182870930339675,28.630562121448502,20.13303223802359,10.967233943509427,0.2864921987828841,2:1,2:1_0101
0.09355439953926221,0.034325815061077625,12.245459940481018,6.899982156247109,0.526819504286813,0.6190469021281816,0.3112291589967485,0.7525838156063238,20.002034608312258,10.288077210885161,0.06871319634384189,2:1,2:1_0102
0.10405695921335269,0.06048613994783447,0.24328967487410366,0.4416749927955501,0.047929510748538275,0.034958462760515244,0.51429155068421,50.0,21.58769846637695,10.792366109311352,0.16406039430338754,2:1,2:1_0103
0.1227483503227107,0.057860654074355033,7.871381636828104,10.094688444521779,0.7218230711035594,0.6650930580377474,0.635254127687558,50.0,21.649664626464524,8.735574126859671,0.10097270931617418,2:1,2:1_0104
0.033672082299745144,0.007710893773983066,0.13596063400483244,0.12812334432630346,0.5978677462337676,0.407744437438236,0.45772981637845134,0.8760762968219054,20.158069087448006,11.597213755109891,0.08416271329200643,2:1,2:1_0105
0.15622950619989728,0.07873897365085582,0.13847173178683259,0.09271272044695335,0.37657534216334504,0.41133746029709894,0.5166267375973592,1.3024746904823044,18.36603576063905,8.488696565519728,0.05465923731499482,2:1,2:1_0106
0.08871374404264301,0.03942808474187293,20.809709614768735,40.45833420128036,0.6986114624266082,0.5279810803399179,0.26125471740631756,50.0,21.397545459557996,9.235531652013018,0.10957780377350777,2:1,2:1_0107
0.4002353498110931,0.1968527177076997,0.9967284424574201,1.9614850146039222,0.8418042008597222,0.6175934547209244,0.38371713783913736,50.0,19.63779254515496,8.378335931269898,0.2338209385277485,2:1,2:1_0108
0.10326300647877527,0.05528386351850406,9.006818865309956,12.603348792134087,0.29550722686063474,0.3399048085455609,0.40678783876296065,40.661855357829495,19.090569690527307,11.240724296493408,0.07426546326950074,2:1,2:1_0109
0.08163400432542307,0.04431618357165101,10.543135107531715,7.524316784869089,0.48079509459358294,0.4280716792719913,0.6692229173061095,5.301202658756468,20.92800080333916,8.500599558117447,0.07738025712139877,2:1,2:1_0110
0.27131933547310194,0.14923097610245858,8.049765443683862,15.249197839140658,0.16868211535955346,0.16945383415382706,0.5790192955293139,37.63997659004567,20.96048753565352,11.892101554035134,0.1893607616970458,2:1,2:1_0111
0.06254675123577876,0.027886428393441774,1.1269173234081515,1.3866669342686453,0.8407354412662433,0.450347485711959,0.24182428147435592,50.0,18.896790792965096,9.6134036592858,0.20740267505864424,2:1,2:1_0112
0.11630005156139822,0.0673685938347214,1.1081946848626532,1.616042143487436,0.8549507913796245,0.8634055538088403,0.4742263147842166,50.0,21.95025332981119,10.061846710534484,0.2651493436414315,2:1,2:1_0113
0.08341915900056986,0.01492450530346488,4.971763114150193,5.260164347501133,0.042958812233606286,0.024508121882132406,0.427866038264055,50.0,20.077808286702503,8.783399005362774,0.11187950272575566,2:1,2:1_0114
0.11227754964616017,0.06231663842992617,11.929757907583264,17.786448423823053,0.5276524916161882,0.4512588797301785,0.3037526366945721,40.288145865825115,21.660763184269914,10.237971749908631,0.15935805786094837,2:1,2:1_0115
0.1225389612810048,0.024550808904614807,2.4623766452007705,3.7028616713466707,0.38920368385775245,0.36256139003868065,0.5436373256571473,50.0,18.595105583630588,11.977323413315741,0.14816807548022665,2:1,2:1_0116
0.05459000976609064,0.026959558761590244,8.880155037044679,10.109996485939233,0.2605732805619152,0.18505265087177977,0.5835799795531671,50.0,19.65599626852991,11.456789469992,0.08918204996384756,2:1,2:1_0117
0.06674520330092718,0.019053419281674606,1.0772296583524574,1.8977132395343839,0.3302967420135156,0.24075872665735926,0.35902552921957276,5.289778805785666,21.450398764665245,10.725254564424532,0.1517012944068729,2:1,2:1_0118
0.06410265217999735,0.013911102094544254,0.6662899013331371,0.6270335978415464,0.24849228452992286,0.22849849260507962,0.5145424870827251,10.271509975392782,19.927556635372508,11.478620751124444,0.09734277304856011,2:1,2:1_0119
0.07945634406936478,0.02885609995870057,0.13484865465361728,0.1745214653306281,0.04177725164250626,0.025503710492990925,0.3154807142718531,0.6020629156637061,19.582056660881527,9.317088857629908,0.20192185294776915,2:1,2:1_0120
0.0946821547020793,0.03640860092771533,12.92919635239444,23.545141798597882,0.10065093442271714,0.11155526052675778,0.4199203777583133,1.232425153690658,18.632632165869254,11.448556747219168,0.2845928014231326,2:1,2:1_0121
0.25357781198566787,0.06702323632705706,0.18913138631616072,0.34647325531997464,0.35938568579179125,0.3259268391487933,0.36397687338297446,50.0,18.157962605297808,9.666567952678454,0.16346476134437132,2:1,2:1_0122
0.10773123168867874,0.04544034706721517,1.3992116591525945,1.702062188564562,0.46871746555667904,0.4075543764912478,0.5718853274035371,50.0,20.441853277470727,10.678836280865214,0.2015563036789389,2:1,2:1_0123
0.0663377606409241,0.013287944727797962,9.395159504182221,17.67650577210539,1.038224861126667,0.6536630801722321,0.4551689227745337,50.0,18.960797641182047,11.198520905648891,0.1109718885619342,2:1,2:1_0124
0.21906520807126356,0.035299358989486,12.428640543885686,16.140919768349193,0.10117989157094175,0.05582652877981371,0.784176086209372,7.449792833495703,20.179010923507793,11.38797181336697,0.1175506007577934,2:1,2:1_0125
0.019707276211410895,0.0043139409766967665,13.238323396353453,6.737293815167081,0.3581128336437709,0.34725450273598135,0.6885442455966514,18.024467196185043,20.036370555569036,10.326492230020719,0.2705432331471494,2:1,2:1_0126
0.06650302590942887,0.022608030729228998,12.008578913092604,23.450261074577494,0.4970541728481991,0.5187352283347297,0.07886747056164961,50.0,18.537371687117957,11.991810267969715,0.06791619987800725,2:1,2:1_0127
0.24095153038222658,0.09414053074103514,16.327552204841773,23.031089355461223,0.4781684922883418,0.3497862789590395,0.8964780369439884,50.0,18.512627788200298,8.902227135534623,0.14993656147866385,2:1,2:1_0128
0.047909994413527425,0.008265474459180999,3.990187203291597,4.004988782562177,0.4742984047576134,0.4136762853389178,0.38326485583185577,41.222319922448136,20.013775274363045,8.553153390438862,0.19560031135177575,2:1,2:1_0129
0.0621226825819318,0.025823988811498038,0.19235757691982788,0.3238493439577593,0.5055087603589437,0.4481262345536754,0.6292909481188402,50.0,18.528927157447693,11.72649428472999,0.086429955086246,2:1,2:1_0130
0.06520085441434809,0.01735750221300456,0.14495649402489638,0.168857674489846,0.022932691207445306,0.01702950975144374,0.43565050561551805,8.629475750913485,18.304277530196092,8.378904976056665,0.22962006801201718,2:1,2:1_0131
0.08933706114185525,0.04480348171628327,1.1118986919482474,1.3474053649935467,0.34657949526488235,0.3674186403211212,0.36105536731704524,20.977150531037687,19.978313435227175,8.499015131436348,0.23233572168987454,2:1,2:1_0132
0.19662122286047937,0.075122494586285,0.13987324111188695,0.11064759991671748,0.3197551536442823,0.30395238734928254,0.5592361295398584,50.0,19.09459391089745,9.428766137824422,0.09747204381213358,2:1,2:1_0133
0.025653512540289795,0.01429907085311262,4.4613911113174645,3.487208675506099,0.3582048995704455,0.3578960772419747,0.3182589428050142,50.0,20.943907381099937,11.437607388734449,0.21466766877498317,2:1,2:1_0134
0.1267502082448555,0.05036372148917509,5.362820301087516,8.101458115787059,0.9946443597334655,0.4991948290789062,0.5392621266510497,3.5098026592100826,18.607000054865175,8.588102386970426,0.22744420722792408,2:1,2:1_0135
0.2604539474118902,0.11612632030530354,16.353761516454448,19.617029313862275,0.43508121708866776,0.45807236839303406,0.3145629500504483,2.2306396663834485,19.17953479218243,10.744863102216037,0.21785956433782416,2:1,2:1_0136
0.31281410974974844,0.14262804981843713,15.555707662154772,9.78770036948704,0.4595176699848095,0.5402569339589209,0.48646995884112715,50.0,21.988434969213433,10.863566788531257,0.1400075007244932,2:1,2:1_0137
0.01544913145012278,0.005164691170046518,11.661040169950045,6.005154329847406,0.2917655474900486,0.3181899674232478,0.5484601659483108,11.96093178866858,20.167619112898773,9.480637488460566,0.2853157266810979,2:1,2:1_0138
0.18294987590522876,0.08885119013076252,0.8168342113448702,1.0534963626736298,0.49304092861562926,0.45636602203455895,0.5393007545146152,3.180359346236811,20.202450511807648,11.647834833983802,0.07909320116889933,2:1,2:1_0139
0.43607716067670943,0.1577712123794096,0.23626678193643472,0.40816099935537503,0.39174944710836995,0.23437798074370894,0.5597825136241825,9.34029888352641,19.564433445672588,9.52697845012224,0.27386228864565937,2:1,2:1_0140
0.36272311113210437,0.08707001215968692,0.09508625923106523,0.08600645275116577,0.06199020763117165,0.05192802043077704,0.5892353725885214,34.812683683187615,19.406050770626372,11.83642394199857,0.2691749679322575,2:1,2:1_0141
0.06320242732571309,0.03040558346762096,5.610395525633002,6.0616167899938755,0.3646663289101733,0.328533464089659,0.4794825656908297,42.14592059553729,18.81683129324872,10.2321774379683,0.21321162327295662,2:1,2:1_0142
0.7314215483120943,0.3487169022462817,11.447262980146027,10.600534475921336,0.22877865167008013,0.21699529685208635,0.2652653590557834,50.0,21.066962395176148,11.461158150248412,0.24888379034383912,2:1,2:1_0143
0.5109374611507768,0.14553224841965623,0.14108848873045995,0.09785110257828507,0.35842669246352843,0.20293998380290107,0.3662452507305583,8.43149687056091,20.394416029566397,9.70764858127357,0.28355175033331254,2:1,2:1_0144
0.12505746953897967,0.06734734849603384,0.11998841723372558,0.23191637222678915,0.031424531978842374,0.02583920250452708,0.16394291078667955,3.398107351267391,20.179595256291407,9.334944799538222,0.12015834692757259,2:1,2:1_0145
0.09498281548276924,0.04516465395891931,11.422478306757585,16.362505158733438,0.05025425772460136,0.050436900442832985,0.37879398211871496,50.0,19.38646208515707,9.326595196389272,0.25806515812634284,2:1,2:1_0146
0.03406706319478042,0.008030714546675125,0.21064271930654654,0.13278706754451555,0.4946157525813446,0.33981249941007097,0.37533859535989217,11.68208043809745,20.262257376589638,11.86251002804295,0.23192189280396863,2:1,2:1_0147
0.06875695188572493,0.031074436684224434,0.1176104868433795,0.12119169890419225,0.3114823188922097,0.27008660698727505,0.8328813687919414,50.0,21.208266657541415,10.198963251507674,0.2533355521077126,2:1,2:1_0148
0.06817703822356247,0.03761652834458681,13.266111619833268,14.933743328906466,0.45000001177970805,0.2989762763695988,0.7676322672458237,10.670523879163534,18.157087519203927,9.990496977661307,0.05848400474660907,2:1,2:1_0149
0.20257170407765646,0.11363945145802222,3.252417433757084,4.440167033902021,0.2413638022604005,0.13183059172439454,0.655481289910538,28.839990589933667,20.190071040344865,11.925197642023395,0.2506352627777587,2:1,2:1_0150
0.003520919658973712,0.0008575416203623916,0.1002748270540818,0.11196230910145022,0.05402021446242838,0.053232099124254265,0.7272863211667591,4.640740761206411,18.055902465440052,10.259339604641081,0.2696967545758519,2:1,2:1_0151
0.06362041482478605,0.026328838060998207,11.39471218078862,19.646563569220753,0.3717031849794337,0.3616934288689904,0.5685764382580689,33.608060267423575,18.188211413082474,8.091793764994106,0.07449697893249792,2:1,2:1_0152
0.04031796931847393,0.012423237335771735,11.808258725180435,21.57848899223092,0.4069630734119774,0.3010204328038533,0.22268161823545324,50.0,18.319600917302065,8.955555402373127,0.20505432905600457,2:1,2:1_0153
0.12614379816677293,0.036744827534857465,18.15919745003019,14.847477585239949,1.115258565007533,1.3299837350998163,0.6148689059725662,50.0,18.91019205070208,10.086679205960532,0.09928415124500671,2:1,2:1_0154
0.15208774455445684,0.06791560980604668,0.20447870747777552,0.2674012409615959,0.69743135216563,0.38972352370815416,0.4048618890200886,13.081449069066045,19.39458880717959,10.833633049474772,0.1769765558685209,2:1,2:1_0155
0.2038791825249544,0.030717084536193665,11.423944352354985,14.68405583500828,0.7412479765657156,0.42156555467585655,0.27409557436755183,50.0,20.048407329988503,9.878711482276666,0.1926972750122093,2:1,2:1_0156
0.11760678537664787,0.051869392704836176,0.1296404113041065,0.20566207849244927,0.09599158718747246,0.06420588242869274,0.5259339676437241,18.640780301272926,18.53338771751269,10.302615716451577,0.14157784370433707,2:1,2:1_0157
0.3515112783862019,0.11212718733856754,0.1068195890920557,0.08969800696162068,0.04952548430347141,0.049916169671761025,0.40666034300279097,12.554329041302003,20.682417694824412,10.986355922182387,0.19244888451176762,2:1,2:1_0158
0.05888418172516859,0.023542398782697555,1.3041408293499812,2.192593913000118,0.7121722770917274,0.7218311754684094,0.4066434521059574,50.0,21.879258239731012,9.586981348064795,0.15896195335062813,2:1,2:1_0159
0.0987403241036908,0.03872664778339674,14.662415640961893,21.696047780048097,0.39563034459605073,0.26440362544742047,0.5045776380151953,50.0,19.859761226312123,11.320950011288257,0.220068776787181,2:1,2:1_0160
0.1924610027248113,0.08634417210489084,0.18656405992196895,0.35924844260945504,0.4222298091476217,0.3784319447750577,0.37941033144602127,50.0,18.474866565929506,11.832675863224868,0.23109163397715599,2:1,2:1_0161
0.05665877136241171,0.03282489080290359,4.894198394185035,7.552000276852957,0.44328037858787717,0.3208464181691002,0.6812185686901691,2.0235598872186826,19.725214215309258,9.374004897657393,0.09303711979494479,2:1,2:1_0162
0.10917838486937978,0.04026010404601008,0.1176658695102271,0.14112808905030566,0.36538493999782495,0.2985694679980068,0.584315185126506,50.0,18.718422853189367,10.085703980550779,0.15608004717192997,2:1,2:1_0163
0.08431964582503693,0.042374124957440945,0.11965703696950215,0.16204602961824505,0.4473054191839951,0.48899401464930525,0.7324781969804475,12.157806273200325,20.253202887716963,8.981632137037552,0.18391716532460622,2:1,2:1_0164
0.2240693251646508,0.09090205840418096,13.046825266616308,10.450151644100199,0.25995560284554253,0.22585042335987507,0.29395487416041755,2.820427805529828,20.057147497077732,11.610180814106002,0.1308520789217713,2:1,2:1_0165
0.23186868779202605,0.07949462498753021,0.14221845962860938,0.2716519999490079,0.24624888474673365,0.1577808865025416,0.5881540006345689,11.221678715984185,19.828818296511635,11.953570514682816,0.23479967126388201,2:1,2:1_0166
0.04228382601661957,0.007815384739370032,7.8540258404300625,12.911751073210235,0.5438003947224983,0.3025292305861766,0.5069654796192421,2.5664156088909658,18.087931020772025,11.419170966076162,0.09608335263219385,2:1,2:1_0167
0.16320757760813412,0.08088471062999647,1.2190719975706266,2.088453974785938,0.2651650672664091,0.20583889673832925,0.41819490656523384,0.5863727325884884,20.74735703020482,9.237482347236645,0.28233139788863654,2:1,2:1_0168
0.054568034877786546,0.014105351262334998,6.500749763916161,6.764342833238299,0.7198392319061783,0.5237269917156583,0.5910779575795125,50.0,20.54208684589485,11.009835925315103,0.07501780990810065,2:1,2:1_0169
0.11413092523639119,0.03059264526717128,0.2614050848863927,0.5042880609898567,0.30272445709953255,0.25015616534633917,0.624635821714252,50.0,19.19784776931769,9.721741770089686,0.1522723081198218,2:1,2:1_0170
0.17051818536349383,0.0966006890031711,8.756244048603872,10.864904820767203,0.32320971157356165,0.3034655670361034,0.6248277621685101,12.667210818973356,19.058145278740326,9.258109557450984,0.23312279704136502,2:1,2:1_0171
0.06497898604576431,0.024494693738986804,0.11352600146635065,0.12785028256277062,0.2440065764346913,0.21431411942482512,0.6762147686498752,8.66681601835551,21.987866948156203,8.708165064413079,0.17353320935592853,2:1,2:1_0172
0.05104473929972724,0.022280744640852602,1.2544719357113494,1.5002212509906183,0.4484350370679316,0.3805627743078035,0.7016815637419097,50.0,19.527348037168366,9.389681121190344,0.2544754643064208,2:1,2:1_0173
0.14345778051952204,0.049835964776617975,0.13259024233129074,0.20431674638896077,0.5250587364849942,0.5105618923306453,0.36218391069982603,50.0,19.677618018391982,10.694911106321884,0.28786025612687616,2:1,2:1_0174
0.1489793681723486,0.05167842430658626,0.7924444791061694,1.2243649914575638,0.05808671261525888,0.0292178255721431,0.6584565370940698,4.351781105330003,19.784872500841246,8.469810012217527,0.06619768091741267,2:1,2:1_0175
0.4892497286887085,0.11336709809020987,0.9283108519617982,0.8252100108834891,0.24097933943901684,0.27371302373754564,0.7735154884839691,50.0,21.832169117882533,10.86189497750855,0.1424186844642557,2:1,2:1_0176
0.10693564595652799,0.02681676337723895,1.008175358276855,1.492250536967479,0.3632298716113732,0.25471040799419925,0.753020904793027,3.745707901514408,19.301583512604484,10.890664641294773,0.05853933787880038,2:1,2:1_0177
0.03746032390222061,0.009620271984270371,6.75719097322851,10.63915400466263,0.7342930290986788,0.7798479959626119,0.3528437237234599,20.288453645639354,19.8997002624697,10.639252542144783,0.2936859220499823,2:1,2:1_0178
0.03129186156180069,0.005088631045046717,0.6873651418104437,0.4672196077843848,0.5139148650350268,0.29238393614861957,0.44266270316543416,50.0,20.341363716126857,8.653077894495498,0.07663045111056228,2:1,2:1_0179
0.10422647429945175,0.02030669646665245,7.976125146440562,6.7003359537883025,0.6888435700981987,0.7969361001634454,0.19623226522738801,50.0,20.016008310468038,10.63437925432064,0.0813584709530956,2:1,2:1_0180
0.0669323598474169,0.036473811991445323,0.11674294303784466,0.1819556313220379,0.3424830782012202,0.35030096640240677,0.4634179564721824,50.0,21.900363663363507,9.650054126379858,0.10871250617625021,2:1,2:1_0181
0.26622583207974126,0.12759101997423553,0.21445413804463312,0.3652245834520455,0.4824447171700705,0.5788970146625207,0.555109857841106,10.515095163383897,20.39762902618956,10.099651973798219,0.26882683075883124,2:1,2:1_0182
0.14306070167230348,0.04649194720324841,2.6474150219951422,3.225267309677014,0.15589645061979412,0.13712748334100142,0.40265109466581883,50.0,21.382820067190053,10.89026305683676,0.285751113149487,2:1,2:1_0183
0.07204538242344301,0.02318660787501091,10.643685664139403,9.710367037146359,0.6366392642796824,0.7208628700629416,0.2307931603936132,0.8481879703651831,20.9143084352658,9.412613546043637,0.05404204244673362,2:1,2:1_0184
0.16970574483021553,0.07581786488664288,0.9222922607570264,0.9869881408232963,0.5576101946211597,0.613930219576809,0.5875965706588999,50.0,18.79579886734031,11.374578593780965,0.15253993040799302,2:1,2:1_0185
0.15071037928467007,0.03176347796474977,7.339448820835274,6.9530843226406835,0.9388927545708483,0.6317364541702062,0.7620378499953968,18.374606711099158,19.188151790413094,8.19280453606304,0.12775794777414223,2:1,2:1_0186
0.08515358839903601,0.013471931032620421,2.0836717484998317,2.6309046371825575,0.2872305381722594,0.16470053434635046,0.6151086139226303,33.84853739776708,18.715332733451856,11.405141075524227,0.057121695751522414,2:1,2:1_0187
0.08143479960416852,0.02872706189741501,29.12522693633314,34.761967528686704,0.3116858858958068,0.16338136863475847,0.7050300577574944,50.0,21.151795145313702,10.201292581837741,0.22791163366761708,2:1,2:1_0188
0.09083592319639394,0.0347617682517142,0.12356554876574227,0.06872713809327183,0.34772090944898376,0.26252420894008965,0.360664998192311,50.0,18.50551263823779,10.481810086553663,0.13410031066725886,2:1,2:1_0189
0.12376404743741198,0.06920692170498911,1.9712394975238003,3.757013122616596,0.4694235567777237,0.30699793280870524,0.1508832686103309,11.00501262983561,20.634663879435873,10.401441339215863,0.2559733807343502,2:1,2:1_0190
0.023508932023270514,0.009493513567752947,16.31372928265727,21.880643493635716,0.2497535685116014,0.17120289068750694,0.7352371410363685,25.43611985469484,18.161906509495296,9.918203009062678,0.2135141016732447,2:1,2:1_0191
0.30254691875697337,0.08386075223619309,0.0903228778326906,0.060097870361315586,0.3957276125882441,0.26916753086998263,0.6406050975193228,50.0,18.31515299612795,10.516425092245955,0.05480593767010168,2:1,2:1_0192
0.03858528312529234,0.021366106862750256,9.898264550691662,9.423559690615951,0.3498387975665476,0.3745439904724872,0.5002179970024971,2.906663964099752,20.445471114347527,8.08664979258943,0.2006053086388156,2:1,2:1_0193
0.08217731863984339,0.01864410945305097,1.341282503124766,1.3358988586690717,0.3664688514577643,0.4368502025009842,0.6516687447529464,7.260030243291263,20.270536354320097,10.222469229597614,0.20333383359164237,2:1,2:1_0194
0.07035965301696548,0.02521087462697013,0.17779575271652667,0.26237045582984186,0.507441125936515,0.47003179149360347,0.6710890212688597,7.276420507038563,20.483789574035292,9.832560472515965,0.23560440756879558,2:1,2:1_0195
0.146898634852853,0.07327930670865904,14.536818049015503,20.235603144965918,0.1900503650847798,0.16250656848172107,0.5232827830575024,13.795398163869756,18.15193565706645,8.481181934369276,0.060618313834093426,2:1,2:1_0196
0.1599711230385778,0.05401032034505438,0.19448240124829588,0.36723940479886913,0.31496905022202837,0.1624451124859102,0.37551068462769954,9.587210845486563,20.4091372541491,11.79139454238518,0.2889522102337929,2:1,2:1_0197
0.05923084068528919,0.009893565214492687,1.2203138477103797,1.4450290322197668,0.3391230732772977,0.34975088872540655,0.5438228228994704,50.0,20.916826495204383,10.897402338475759,0.2709982430620399,2:1,2:1_0198
0.12987867405265746,0.042464829545848626,1.3796751640589067,1.2638797220907443,0.3965867582032928,0.36409810922235747,0.32437126498002955,8.861480068568884,18.168836680901517,10.41708693038456,0.24532086698683708,2:1,2:1_0199
